"Fe","Cr","Ni","Mo","N","Nb","C","Si","Mn","Cu","P","S","Al","V","Ta","Ce","Ti","Co","Y","As","pH","Temp","NaCl","F","A","M","Log10_ipass"
66.84,27,3,3,0.1,0,0.06,0,0,0,0,0,0,0,0,0,0,0,0,0,5.5,25,0.1,85,15,0,-5.995678626
85.509,13.23,0,0.03,0,0,0.22,0.39,0.48,0.027,0.014,0.002,0.08,0,0,0,0,0.018,0,0,5.06,25,0.6,0,0,100,-5.180456064
63.569,24.6,6.7,3.49,0.29,0,0.09,0.27,0.76,0.17,0.02,0.001,0,0.04,0,0,0,0,0,0,5.06,20,0.6,9,91,0,-5.316952962
65.095,17.25,12,2.5,0,0,0.08,1,2,0,0.045,0.03,0,0,0,0,0,0,0,0,5.06,25,0.6,0,100,0,-5.600326279
80.781,13,4.5,0.75,0,0,0.025,0.3,0.6,0,0.04,0.004,0,0,0,0,0,0,0,0,5.06,25,0.6,50,0,50,-5.301029996
63.31,27.5,2.75,3.5,0.04,0,0.03,1,1,0,0.04,0.03,0,0,0,0,0.8,0,0,0,5.06,25,0.6,100,0,0,-5.500312917
63.31,18,13,2.5,0.1,0,0.03,1,2,0,0.045,0.015,0,0,0,0,0,0,0,0,5.06,20,0.6,0,100,0,-4.772113295
77.472,12.14,0.375,0,0,0,0.069,0.303,9.56,0,0.006,0.007,0,0,0.066,0,0,0,0,0.002,5.06,25,0.6,0,0,100,-5.823908741
79.5295,12.25,5.45,2.06,0,0,0.018,0.0215,0.411,0.245,0.011,0.004,0,0,0,0,0,0,0,0,5.06,23,0.6,50,0,50,-4.801342913
69.79,16,10,2,0,0,0.03,0.4,1.78,0,0,0,0,0,0,0,0,0,0,0,5.06,25,0.6,1,99,0,-4.903089987
58.67,21.5,15.7,2.1,1.5,0,0.03,0.2,0.2,0,0,0,0,0,0,0,0.1,0,0,0,5.06,25,0.6,0,100,0,-4.70333481
63.41,30,0,2.7,2.1,0,0.09,1.2,0.5,0,0,0,0,0,0,0,0,0,0,0,5.06,25,0.6,0,100,0,-4.70333481
84.9439,12.75,0,0,0.0244,0,0.22,1.64,0.39,0,0,0.0176,0.0131,0,0,0,0.001,0,0,0,5.06,25,0.6,5,42.5,42.5,-5.795880017
84.7767,12.83,0,0,0.0232,0,0.22,1.73,0.38,0,0,0.0076,0.007,0,0,0,0.0055,0,0.02,0,5.06,25,0.6,5,42.5,42.5,-6
69.68,20.3,5.7,2.3,0.1,0,0.1,0.78,0.84,0,0,0,0,0,0,0,0.2,0,0,0,5.26,25,0.85,14,86,0,-6
63.79,25.2,6,2,0.2,0,0.03,0.8,1.98,0,0,0,0,0,0,0,0,0,0,0,5.26,25,0.85,25,75,0,-4.301029996
79.071,17,0,0.75,0,0,1.1,1,1,0,0.049,0.03,0,0,0,0,0,0,0,0,5.06,25,0.6,0,100,0,-5.698970004
68.39,17.2,10.1,2.2,0,0,0.03,0.5,1.5,0,0.05,0.03,0,0,0,0,0,0,0,0,5.06,22,0.6,7,93,0,-5.958607315
66.73,22.5,5.6,3.1,0,0,0.02,0.6,1.4,0,0.03,0.02,0,0,0,0,0,0,0,0,5.06,22,0.6,83,17,0,-5.958607315
76.4,19.5,0.2,2.5,0.03,0.17,0.02,0.5,0.5,0,0.04,0,0,0,0,0,0.14,0,0,0,5.06,20,0.6,100,0,0,-4.346787486
63.88,24.7,6.5,3.6,0.3,0,0.02,0.6,0.4,0,0,0,0,0,0,0,0,0,0,0,4.98,30,2.5,17,83,0,-5.970616222
86.61,10.06,0,1.26,0,0,0.02,0.49,1.49,0,0.01,0.01,0,0.05,0,0,0,0,0,0,5.06,25,0.6,50,0,50,-5.207608311
78.465,17.37,0.45,1.85,0,0,0.12,0.73,0.95,0,0.035,0.03,0,0,0,0,0,0,0,0,5.06,25,0.6,82,6,6,-5.207608311
86.032,12.25,0.68,0,0,0,0.149,0.45,0.347,0,0.024,0.068,0,0,0,0,0,0,0,0,5.06,25,0.6,50,0,50,-4
48.5,21,23,4,0.1,0,0.02,0.045,0.8,1.5,0.035,1,0,0,0,0,0,0,0,0,4.81,30,0,0,100,0,-4.698970004
48.5,21,23,4,0.1,0,0.02,0.045,0.8,1.5,0.035,1,0,0,0,0,0,0,0,0,4.92,30,0.17,0,100,0,-4.823908741
48.5,21,23,4,0.1,0,0.02,0.045,0.8,1.5,0.035,1,0,0,0,0,0,0,0,0,4.98,30,0.34,0,100,0,-5
48.5,21,23,4,0.1,0,0.02,0.045,0.8,1.5,0.035,1,0,0,0,0,0,0,0,0,5.02,30,0.51,0,100,0,-5
48.5,21,23,4,0.1,0,0.02,0.045,0.8,1.5,0.035,1,0,0,0,0,0,0,0,0,5.12,30,0.68,0,100,0,-5.022276395
48.5,21,23,4,0.1,0,0.02,0.045,0.8,1.5,0.035,1,0,0,0,0,0,0,0,0,5.26,30,0.85,0,100,0,-5
48.5,21,23,4,0.1,0,0.02,0.045,0.8,1.5,0.035,1,0,0,0,0,0,0,0,0,5.18,30,1.03,0,100,0,-5.096910013
77.72,19,0.5,0,0.03,0,0.03,1,1,0,0.04,0.03,0.15,0,0,0,0.5,0,0,0,4.81,30,0,90,0,10,-5.22184875
77.72,19,0.5,0,0.03,0,0.03,1,1,0,0.04,0.03,0.15,0,0,0,0.5,0,0,0,4.92,30,0.17,90,0,10,-5.15490196
77.72,19,0.5,0,0.03,0,0.03,1,1,0,0.04,0.03,0.15,0,0,0,0.5,0,0,0,4.98,30,0.34,90,0,10,-5.070581074
77.72,19,0.5,0,0.03,0,0.03,1,1,0,0.04,0.03,0.15,0,0,0,0.5,0,0,0,5.02,30,0.51,90,0,10,-5.070581074
77.72,19,0.5,0,0.03,0,0.03,1,1,0,0.04,0.03,0.15,0,0,0,0.5,0,0,0,5.12,30,0.68,90,0,10,-5
77.72,19,0.5,0,0.03,0,0.03,1,1,0,0.04,0.03,0.15,0,0,0,0.5,0,0,0,5.2,30,0.85,90,0,10,-4.920818754
77.72,19,0.5,0,0.03,0,0.03,1,1,0,0.04,0.03,0.15,0,0,0,0.5,0,0,0,5.18,30,1.03,90,0,10,-4.823908741
67.57,1,6.5,0,0,0,0.43,0,15,0,0,0,9.5,0,0,0,0,0,0,0,5.06,25,0.6,0,100,0,-4.400116928
68.228,22.1,5.2,2.77,0.17,0,0.01,0.44,0.75,0.25,0.02,0.002,0,0.06,0,0,0,0,0,0,5.06,20,0.6,32,68,0,-5.655607726
63.569,24.6,6.7,3.49,0.29,0,0.09,0.27,0.76,0.17,0.02,0.001,0,0.04,0,0,0,0,0,0,5.06,20,0.6,9,91,0,-5.468521083
82.4424,15.24,0,1.04,0,0,0.31,0.53,0.43,0,0,0,0,0,0,0.0076,0,0,0,0,5.06,30,0.6,5,50,50,-5.585026652
82.3706,15.17,0,1.03,0.15,0,0.31,0.52,0.44,0,0,0,0,0,0,0.0094,0,0,0,0,5.06,30,0.6,0,100,0,-5.958607315
82.3228,15.15,0,1.02,0.24,0,0.3,0.51,0.45,0,0,0,0,0,0,0.0072,0,0,0,0,5.06,30,0.6,0,100,0,-5.958607315
82.1316,15.18,0,1.04,0.41,0,0.31,0.5,0.42,0,0,0,0,0,0,0.0084,0,0,0,0,5.06,30,0.6,0,100,0,-5.958607315
82.1014,15.13,0,1.03,0.52,0,0.3,0.47,0.44,0,0,0,0,0,0,0.0086,0,0,0,0,5.06,30,0.6,0,100,0,-5.958607315
71.6231,18.22,8.245,0,0,0,0.017,0.379,1.483,0,0.031,0.0019,0,0,0,0,0,0,0,0,5.06,25,0.6,10,45,45,-5
67.08,17.7,10.5,2.2,0,0,0.02,0.8,1.7,0,0,0,0,0,0,0,0,0,0,0,5.06,25,0.6,8,92,0,-5.659555885
66.51,24,3.6,1.6,0.27,0,0.02,0,3,1,0,0,0,0,0,0,0,0,0,0,5.06,25,0.6,16,84,0,-6
72.8,15.23,1.13,0,0.16,0,0.07,0.67,9.89,0,0,0.05,0,0,0,0,0,0,0,0,5.12,25,1.71,0,100,0,-5.698970004
67.08,17.7,10.5,2.2,0,0,0.02,0.8,1.7,0,0,0,0,0,0,0,0,0,0,0,4.85,25,0.1,8,92,0,-5.698970004
71.6231,18.22,8.245,0,0,0,0.017,0.379,1.483,0,0.031,0.0019,0,0,0,0,0,0,0,0,2,20,0.01,10,45,45,-4.982966661
71.6231,18.22,8.245,0,0,0,0.017,0.379,1.483,0,0.031,0.0019,0,0,0,0,0,0,0,0,2,20,0.1,10,45,45,-4.953504836
71.6231,18.22,8.245,0,0,0,0.017,0.379,1.483,0,0.031,0.0019,0,0,0,0,0,0,0,0,2,20,0.6,10,45,45,-4.647817482
71.6231,18.22,8.245,0,0,0,0.017,0.379,1.483,0,0.031,0.0019,0,0,0,0,0,0,0,0,6,40,4,10,45,45,-5.140261434
71.6231,18.22,8.245,0,0,0,0.017,0.379,1.483,0,0.031,0.0019,0,0,0,0,0,0,0,0,2,60,0.01,10,45,45,-4.962573502
71.6231,18.22,8.245,0,0,0,0.017,0.379,1.483,0,0.031,0.0019,0,0,0,0,0,0,0,0,2,80,0.01,10,45,45,-4.943095149
71.6231,18.22,8.245,0,0,0,0.017,0.379,1.483,0,0.031,0.0019,0,0,0,0,0,0,0,0,4,20,4,10,45,45,-4.722620025
71.6231,18.22,8.245,0,0,0,0.017,0.379,1.483,0,0.031,0.0019,0,0,0,0,0,0,0,0,4,40,0.1,10,45,45,-5.190440285
71.6231,18.22,8.245,0,0,0,0.017,0.379,1.483,0,0.031,0.0019,0,0,0,0,0,0,0,0,4,40,4,10,45,45,-5.129011186
71.6231,18.22,8.245,0,0,0,0.017,0.379,1.483,0,0.031,0.0019,0,0,0,0,0,0,0,0,4,60,0.1,10,45,45,-5.183096161
71.6231,18.22,8.245,0,0,0,0.017,0.379,1.483,0,0.031,0.0019,0,0,0,0,0,0,0,0,4,60,0.6,10,45,45,-5.502241282
71.6231,18.22,8.245,0,0,0,0.017,0.379,1.483,0,0.031,0.0019,0,0,0,0,0,0,0,0,6,20,0.01,10,45,45,-5.744727495
71.6231,18.22,8.245,0,0,0,0.017,0.379,1.483,0,0.031,0.0019,0,0,0,0,0,0,0,0,6,20,0.1,10,45,45,-5.66756154
71.6231,18.22,8.245,0,0,0,0.017,0.379,1.483,0,0.031,0.0019,0,0,0,0,0,0,0,0,6,20,0.6,10,45,45,-5.217527376
71.6231,18.22,8.245,0,0,0,0.017,0.379,1.483,0,0.031,0.0019,0,0,0,0,0,0,0,0,6,20,2,10,45,45,-5.146301788
71.6231,18.22,8.245,0,0,0,0.017,0.379,1.483,0,0.031,0.0019,0,0,0,0,0,0,0,0,6,20,4,10,45,45,-4.932929144
71.6231,18.22,8.245,0,0,0,0.017,0.379,1.483,0,0.031,0.0019,0,0,0,0,0,0,0,0,2,40,0.01,10,45,45,-5.131355562
71.6231,18.22,8.245,0,0,0,0.017,0.379,1.483,0,0.031,0.0019,0,0,0,0,0,0,0,0,6,40,0.1,10,45,45,-5.420216403
71.6231,18.22,8.245,0,0,0,0.017,0.379,1.483,0,0.031,0.0019,0,0,0,0,0,0,0,0,6,40,0.6,10,45,45,-5.395773947
71.6231,18.22,8.245,0,0,0,0.017,0.379,1.483,0,0.031,0.0019,0,0,0,0,0,0,0,0,6,40,4,10,45,45,-5.286509457
71.6231,18.22,8.245,0,0,0,0.017,0.379,1.483,0,0.031,0.0019,0,0,0,0,0,0,0,0,6,60,0.01,10,45,45,-5.344861565
71.6231,18.22,8.245,0,0,0,0.017,0.379,1.483,0,0.031,0.0019,0,0,0,0,0,0,0,0,6,60,0.1,10,45,45,-5.424812155
71.6231,18.22,8.245,0,0,0,0.017,0.379,1.483,0,0.031,0.0019,0,0,0,0,0,0,0,0,6,60,0.6,10,45,45,-5.407823243
71.6231,18.22,8.245,0,0,0,0.017,0.379,1.483,0,0.031,0.0019,0,0,0,0,0,0,0,0,6,60,4,10,45,45,-5.162411562
71.6231,18.22,8.245,0,0,0,0.017,0.379,1.483,0,0.031,0.0019,0,0,0,0,0,0,0,0,6,80,0.01,10,45,45,-5.328827157
71.6231,18.22,8.245,0,0,0,0.017,0.379,1.483,0,0.031,0.0019,0,0,0,0,0,0,0,0,6,80,0.6,10,45,45,-5.040481623
68.83,19,10,0,0,0,0.02,0.6,1.5,0,0.03,0.02,0,0,0,0,0,0,0,0,6,20,0.6,7.5,92.5,0,-5.135488919
68.83,19,10,0,0,0,0.02,0.6,1.5,0,0.03,0.02,0,0,0,0,0,0,0,0,6,20,2,7.5,92.5,0,-5.326334124
68.83,19,10,0,0,0,0.02,0.6,1.5,0,0.03,0.02,0,0,0,0,0,0,0,0,6,20,4,7.5,92.5,0,-4.841939206
66.87,17,12,2.5,0,0,0.04,0.06,1.5,0,0.03,0,0,0,0,0,0,0,0,0,6,20,0.1,0,100,0,-5.683819901
66.87,17,12,2.5,0,0,0.04,0.06,1.5,0,0.03,0,0,0,0,0,0,0,0,0,6,20,0.6,0,100,0,-5.224025669
66.87,17,12,2.5,0,0,0.04,0.06,1.5,0,0.03,0,0,0,0,0,0,0,0,0,6,20,2,0,100,0,-5.202732459
66.87,17,12,2.5,0,0,0.04,0.06,1.5,0,0.03,0,0,0,0,0,0,0,0,0,6,20,4,0,100,0,-4.777543663
64.95,18,12,3,0,0,0.02,0.5,1.5,0,0.03,0,0,0,0,0,0,0,0,0,6,20,0.01,7.5,92.5,0,-5.420216403
64.95,18,12,3,0,0,0.02,0.5,1.5,0,0.03,0,0,0,0,0,0,0,0,0,6,20,0.1,7.5,92.5,0,-5.57024772
64.95,18,12,3,0,0,0.02,0.5,1.5,0,0.03,0,0,0,0,0,0,0,0,0,6,20,0.6,7.5,92.5,0,-5.372634143
64.95,18,12,3,0,0,0.02,0.5,1.5,0,0.03,0,0,0,0,0,0,0,0,0,6,20,2,7.5,92.5,0,-4.996539468
64.95,18,12,3,0,0,0.02,0.5,1.5,0,0.03,0,0,0,0,0,0,0,0,0,6,20,4,7.5,92.5,0,-4.739928612
59.35,18.5,15.5,4.5,0.1,0,0.02,0.5,1.5,0,0.03,0,0,0,0,0,0,0,0,0,6,20,0.1,0,100,0,-5.717377887
59.35,18.5,15.5,4.5,0.1,0,0.02,0.5,1.5,0,0.03,0,0,0,0,0,0,0,0,0,6,20,0.6,0,100,0,-5.34959533
59.35,18.5,15.5,4.5,0.1,0,0.02,0.5,1.5,0,0.03,0,0,0,0,0,0,0,0,0,6,20,2,0,100,0,-4.935542011
59.35,18.5,15.5,4.5,0.1,0,0.02,0.5,1.5,0,0.03,0,0,0,0,0,0,0,0,0,6,20,4,0,100,0,-4.89279003
67.155,22.56,5.43,3.07,0.17,0,0.02,0.54,1.03,0,0.017,0.008,0,0,0,0,0,0,0,0,2,20,0.01,38,62,0,-5.063486258
67.155,22.56,5.43,3.07,0.17,0,0.02,0.54,1.03,0,0.017,0.008,0,0,0,0,0,0,0,0,2,20,0.6,38,62,0,-4.876148359
67.155,22.56,5.43,3.07,0.17,0,0.02,0.54,1.03,0,0.017,0.008,0,0,0,0,0,0,0,0,2,40,0.6,38,62,0,-5.139063379
67.155,22.56,5.43,3.07,0.17,0,0.02,0.54,1.03,0,0.017,0.008,0,0,0,0,0,0,0,0,2,80,0.01,38,62,0,-4.758702613
67.155,22.56,5.43,3.07,0.17,0,0.02,0.54,1.03,0,0.017,0.008,0,0,0,0,0,0,0,0,4,20,4,38,62,0,-5.557520231
67.155,22.56,5.43,3.07,0.17,0,0.02,0.54,1.03,0,0.017,0.008,0,0,0,0,0,0,0,0,4,40,0.1,38,62,0,-5.208309351
67.155,22.56,5.43,3.07,0.17,0,0.02,0.54,1.03,0,0.017,0.008,0,0,0,0,0,0,0,0,4,40,4,38,62,0,-5.14327111
67.155,22.56,5.43,3.07,0.17,0,0.02,0.54,1.03,0,0.017,0.008,0,0,0,0,0,0,0,0,4,60,0.1,38,62,0,-5.126679398
67.155,22.56,5.43,3.07,0.17,0,0.02,0.54,1.03,0,0.017,0.008,0,0,0,0,0,0,0,0,4,60,0.6,38,62,0,-5.657577319
67.155,22.56,5.43,3.07,0.17,0,0.02,0.54,1.03,0,0.017,0.008,0,0,0,0,0,0,0,0,6,20,0.01,38,62,0,-5.95939766
67.155,22.56,5.43,3.07,0.17,0,0.02,0.54,1.03,0,0.017,0.008,0,0,0,0,0,0,0,0,6,20,0.1,38,62,0,-5.746904414
67.155,22.56,5.43,3.07,0.17,0,0.02,0.54,1.03,0,0.017,0.008,0,0,0,0,0,0,0,0,6,20,0.6,38,62,0,-5.04431225
67.155,22.56,5.43,3.07,0.17,0,0.02,0.54,1.03,0,0.017,0.008,0,0,0,0,0,0,0,0,6,20,2,38,62,0,-5.051929518
67.155,22.56,5.43,3.07,0.17,0,0.02,0.54,1.03,0,0.017,0.008,0,0,0,0,0,0,0,0,6,20,4,38,62,0,-4.98254927
67.155,22.56,5.43,3.07,0.17,0,0.02,0.54,1.03,0,0.017,0.008,0,0,0,0,0,0,0,0,6,40,0.01,38,62,0,-5.440093375
67.155,22.56,5.43,3.07,0.17,0,0.02,0.54,1.03,0,0.017,0.008,0,0,0,0,0,0,0,0,6,40,0.1,38,62,0,-5.649751982
67.155,22.56,5.43,3.07,0.17,0,0.02,0.54,1.03,0,0.017,0.008,0,0,0,0,0,0,0,0,6,40,0.6,38,62,0,-5.769551079
67.155,22.56,5.43,3.07,0.17,0,0.02,0.54,1.03,0,0.017,0.008,0,0,0,0,0,0,0,0,6,40,4,38,62,0,-5.254144805
67.155,22.56,5.43,3.07,0.17,0,0.02,0.54,1.03,0,0.017,0.008,0,0,0,0,0,0,0,0,6,60,0.01,38,62,0,-5.539102157
67.155,22.56,5.43,3.07,0.17,0,0.02,0.54,1.03,0,0.017,0.008,0,0,0,0,0,0,0,0,6,60,0.1,38,62,0,-5.428291168
67.155,22.56,5.43,3.07,0.17,0,0.02,0.54,1.03,0,0.017,0.008,0,0,0,0,0,0,0,0,6,60,0.6,38,62,0,-5.384049948
67.155,22.56,5.43,3.07,0.17,0,0.02,0.54,1.03,0,0.017,0.008,0,0,0,0,0,0,0,0,6,60,0.6,38,62,0,-5.407823243
67.155,22.56,5.43,3.07,0.17,0,0.02,0.54,1.03,0,0.017,0.008,0,0,0,0,0,0,0,0,6,60,4,38,62,0,-5.287350298
67.155,22.56,5.43,3.07,0.17,0,0.02,0.54,1.03,0,0.017,0.008,0,0,0,0,0,0,0,0,6,80,0.01,38,62,0,-5.002613616
76.4,21,0,0,0.02,0.5,0.02,0.46,0.8,0.4,0,0,0,0,0,0,0.4,0,0,0,2,20,0.01,100,0,0,-4.775725986
76.4,21,0,0,0.02,0.5,0.02,0.46,0.8,0.4,0,0,0,0,0,0,0.4,0,0,0,2,20,0.1,100,0,0,-5.518557371
76.4,21,0,0,0.02,0.5,0.02,0.46,0.8,0.4,0,0,0,0,0,0,0.4,0,0,0,2,60,0.01,100,0,0,-5.519993057
76.4,21,0,0,0.02,0.5,0.02,0.46,0.8,0.4,0,0,0,0,0,0,0.4,0,0,0,4,20,0.1,100,0,0,-4.965371543
76.4,21,0,0,0.02,0.5,0.02,0.46,0.8,0.4,0,0,0,0,0,0,0.4,0,0,0,4,40,0.1,100,0,0,-5.110250225
76.4,21,0,0,0.02,0.5,0.02,0.46,0.8,0.4,0,0,0,0,0,0,0.4,0,0,0,4,40,4,100,0,0,-5.485452247
76.4,21,0,0,0.02,0.5,0.02,0.46,0.8,0.4,0,0,0,0,0,0,0.4,0,0,0,4,60,0.1,100,0,0,-5.185086819
76.4,21,0,0,0.02,0.5,0.02,0.46,0.8,0.4,0,0,0,0,0,0,0.4,0,0,0,4,60,0.6,100,0,0,-5.178486472
76.4,21,0,0,0.02,0.5,0.02,0.46,0.8,0.4,0,0,0,0,0,0,0.4,0,0,0,6,20,0.01,100,0,0,-5.504455662
76.4,21,0,0,0.02,0.5,0.02,0.46,0.8,0.4,0,0,0,0,0,0,0.4,0,0,0,6,20,0.1,100,0,0,-5.480565805
76.4,21,0,0,0.02,0.5,0.02,0.46,0.8,0.4,0,0,0,0,0,0,0.4,0,0,0,6,20,0.6,100,0,0,-5.371508895
76.4,21,0,0,0.02,0.5,0.02,0.46,0.8,0.4,0,0,0,0,0,0,0.4,0,0,0,6,20,2,100,0,0,-5.015112799
76.4,21,0,0,0.02,0.5,0.02,0.46,0.8,0.4,0,0,0,0,0,0,0.4,0,0,0,6,20,4,100,0,0,-4.922995673
76.4,21,0,0,0.02,0.5,0.02,0.46,0.8,0.4,0,0,0,0,0,0,0.4,0,0,0,6,40,0.01,100,0,0,-5.227678293
76.4,21,0,0,0.02,0.5,0.02,0.46,0.8,0.4,0,0,0,0,0,0,0.4,0,0,0,6,40,0.1,100,0,0,-5.203425667
76.4,21,0,0,0.02,0.5,0.02,0.46,0.8,0.4,0,0,0,0,0,0,0.4,0,0,0,6,40,0.6,100,0,0,-5.172630727
76.4,21,0,0,0.02,0.5,0.02,0.46,0.8,0.4,0,0,0,0,0,0,0.4,0,0,0,6,40,4,100,0,0,-5.149966742
76.4,21,0,0,0.02,0.5,0.02,0.46,0.8,0.4,0,0,0,0,0,0,0.4,0,0,0,6,60,0.01,100,0,0,-5.216096421
76.4,21,0,0,0.02,0.5,0.02,0.46,0.8,0.4,0,0,0,0,0,0,0.4,0,0,0,6,60,0.1,100,0,0,-5.36251027
76.4,21,0,0,0.02,0.5,0.02,0.46,0.8,0.4,0,0,0,0,0,0,0.4,0,0,0,6,60,4,100,0,0,-5.000869459
75.577,15.33,4.21,0.2,0,0,0.331,0.38,0.48,3.39,0,0,0,0,0,0,0,0.102,0,0,6,20,0.01,0,100,0,-5.528708289
75.577,15.33,4.21,0.2,0,0,0.331,0.38,0.48,3.39,0,0,0,0,0,0,0,0.102,0,0,6,20,0.1,0,100,0,-5.344861565
75.577,15.33,4.21,0.2,0,0,0.331,0.38,0.48,3.39,0,0,0,0,0,0,0,0.102,0,0,6,20,0.6,0,100,0,-5.342944147
75.577,15.33,4.21,0.2,0,0,0.331,0.38,0.48,3.39,0,0,0,0,0,0,0,0.102,0,0,6,20,4,0,100,0,-4.761953897
75.577,15.33,4.21,0.2,0,0,0.331,0.38,0.48,3.39,0,0,0,0,0,0,0,0.102,0,0,6,40,0.1,0,100,0,-5.22475374
75.577,15.33,4.21,0.2,0,0,0.331,0.38,0.48,3.39,0,0,0,0,0,0,0,0.102,0,0,6,40,0.6,0,100,0,-5.175223538
75.577,15.33,4.21,0.2,0,0,0.331,0.38,0.48,3.39,0,0,0,0,0,0,0,0.102,0,0,6,40,4,0,100,0,-5.151195299
75.577,15.33,4.21,0.2,0,0,0.331,0.38,0.48,3.39,0,0,0,0,0,0,0,0.102,0,0,6,60,0.1,0,100,0,-5.165579296
75.577,15.33,4.21,0.2,0,0,0.331,0.38,0.48,3.39,0,0,0,0,0,0,0,0.102,0,0,6,60,0.6,0,100,0,-5.137272472
75.577,15.33,4.21,0.2,0,0,0.331,0.38,0.48,3.39,0,0,0,0,0,0,0,0.102,0,0,6,60,4,0,100,0,-5.278189385
48.1829,20.48,23.77,6.13,0.22,0,0.017,0.48,0.4,0.29,0.03,1e-04,0,0,0,0,0,0,0,0,2,20,0.01,0,100,0,-4.943857738
48.1829,20.48,23.77,6.13,0.22,0,0.017,0.48,0.4,0.29,0.03,1e-04,0,0,0,0,0,0,0,0,2,20,0.1,0,100,0,-5.14308994
48.1829,20.48,23.77,6.13,0.22,0,0.017,0.48,0.4,0.29,0.03,1e-04,0,0,0,0,0,0,0,0,2,40,0.01,0,100,0,-5.077274542
48.1829,20.48,23.77,6.13,0.22,0,0.017,0.48,0.4,0.29,0.03,1e-04,0,0,0,0,0,0,0,0,2,40,4,0,100,0,-4.987162775
48.1829,20.48,23.77,6.13,0.22,0,0.017,0.48,0.4,0.29,0.03,1e-04,0,0,0,0,0,0,0,0,2,60,0.01,0,100,0,-5.218963061
48.1829,20.48,23.77,6.13,0.22,0,0.017,0.48,0.4,0.29,0.03,1e-04,0,0,0,0,0,0,0,0,2,60,0.1,0,100,0,-5.163043263
48.1829,20.48,23.77,6.13,0.22,0,0.017,0.48,0.4,0.29,0.03,1e-04,0,0,0,0,0,0,0,0,2,60,4,0,100,0,-4.974694135
48.1829,20.48,23.77,6.13,0.22,0,0.017,0.48,0.4,0.29,0.03,1e-04,0,0,0,0,0,0,0,0,2,80,0.01,0,100,0,-5.000869459
48.1829,20.48,23.77,6.13,0.22,0,0.017,0.48,0.4,0.29,0.03,1e-04,0,0,0,0,0,0,0,0,2,80,4,0,100,0,-4.979224512
48.1829,20.48,23.77,6.13,0.22,0,0.017,0.48,0.4,0.29,0.03,1e-04,0,0,0,0,0,0,0,0,4,20,4,0,100,0,-4.994390555
48.1829,20.48,23.77,6.13,0.22,0,0.017,0.48,0.4,0.29,0.03,1e-04,0,0,0,0,0,0,0,0,4,60,0.6,0,100,0,-5.061480275
48.1829,20.48,23.77,6.13,0.22,0,0.017,0.48,0.4,0.29,0.03,1e-04,0,0,0,0,0,0,0,0,6,20,0.01,0,100,0,-5.769295686
48.1829,20.48,23.77,6.13,0.22,0,0.017,0.48,0.4,0.29,0.03,1e-04,0,0,0,0,0,0,0,0,6,20,0.1,0,100,0,-5.714442691
48.1829,20.48,23.77,6.13,0.22,0,0.017,0.48,0.4,0.29,0.03,1e-04,0,0,0,0,0,0,0,0,6,20,0.6,0,100,0,-5.405386491
48.1829,20.48,23.77,6.13,0.22,0,0.017,0.48,0.4,0.29,0.03,1e-04,0,0,0,0,0,0,0,0,6,40,0.01,0,100,0,-5.112945622
48.1829,20.48,23.77,6.13,0.22,0,0.017,0.48,0.4,0.29,0.03,1e-04,0,0,0,0,0,0,0,0,6,40,4,0,100,0,-5.061980903
48.1829,20.48,23.77,6.13,0.22,0,0.017,0.48,0.4,0.29,0.03,1e-04,0,0,0,0,0,0,0,0,6,60,0.01,0,100,0,-5.243363892
48.1829,20.48,23.77,6.13,0.22,0,0.017,0.48,0.4,0.29,0.03,1e-04,0,0,0,0,0,0,0,0,6,60,0.6,0,100,0,-5.410050399
48.1829,20.48,23.77,6.13,0.22,0,0.017,0.48,0.4,0.29,0.03,1e-04,0,0,0,0,0,0,0,0,6,60,4,0,100,0,-5.241088108
48.1829,20.48,23.77,6.13,0.22,0,0.017,0.48,0.4,0.29,0.03,1e-04,0,0,0,0,0,0,0,0,6,80,0.01,0,100,0,-5.161150909
48.1829,20.48,23.77,6.13,0.22,0,0.017,0.48,0.4,0.29,0.03,1e-04,0,0,0,0,0,0,0,0,6,80,0.6,0,100,0,-4.995678626
41.72,19,36,0,0,0,0.08,1.13,2,0,0.04,0.03,0,0,0,0,0,0,0,0,2,20,0.01,0,100,0,-4.997833938
41.72,19,36,0,0,0,0.08,1.13,2,0,0.04,0.03,0,0,0,0,0,0,0,0,2,20,0.1,0,100,0,-5.161780778
41.72,19,36,0,0,0,0.08,1.13,2,0,0.04,0.03,0,0,0,0,0,0,0,0,2,20,0.6,0,100,0,-4.764471553
41.72,19,36,0,0,0,0.08,1.13,2,0,0.04,0.03,0,0,0,0,0,0,0,0,2,40,0.1,0,100,0,-4.80106813
41.72,19,36,0,0,0,0.08,1.13,2,0,0.04,0.03,0,0,0,0,0,0,0,0,2,40,0.1,0,100,0,-4.898252926
41.72,19,36,0,0,0,0.08,1.13,2,0,0.04,0.03,0,0,0,0,0,0,0,0,2,60,0.01,0,100,0,-4.044793462
41.72,19,36,0,0,0,0.08,1.13,2,0,0.04,0.03,0,0,0,0,0,0,0,0,2,60,0.1,0,100,0,-4.886725308
41.72,19,36,0,0,0,0.08,1.13,2,0,0.04,0.03,0,0,0,0,0,0,0,0,2,80,0.01,0,100,0,-4.993533958
41.72,19,36,0,0,0,0.08,1.13,2,0,0.04,0.03,0,0,0,0,0,0,0,0,2,80,4,0,100,0,-4.626352528
41.72,19,36,0,0,0,0.08,1.13,2,0,0.04,0.03,0,0,0,0,0,0,0,0,4,20,4,0,100,0,-4.707965564
41.72,19,36,0,0,0,0.08,1.13,2,0,0.04,0.03,0,0,0,0,0,0,0,0,4,40,0.1,0,100,0,-5.20481541
41.72,19,36,0,0,0,0.08,1.13,2,0,0.04,0.03,0,0,0,0,0,0,0,0,4,40,4,0,100,0,-5.435333936
41.72,19,36,0,0,0,0.08,1.13,2,0,0.04,0.03,0,0,0,0,0,0,0,0,4,60,0.1,0,100,0,-5.190440285
41.72,19,36,0,0,0,0.08,1.13,2,0,0.04,0.03,0,0,0,0,0,0,0,0,4,60,0.6,0,100,0,-5.673664139
41.72,19,36,0,0,0,0.08,1.13,2,0,0.04,0.03,0,0,0,0,0,0,0,0,6,20,0.01,0,100,0,-5.2915791
41.72,19,36,0,0,0,0.08,1.13,2,0,0.04,0.03,0,0,0,0,0,0,0,0,6,40,0.01,0,100,0,-5.315154638
41.72,19,36,0,0,0,0.08,1.13,2,0,0.04,0.03,0,0,0,0,0,0,0,0,6,40,4,0,100,0,-5.123205024
41.72,19,36,0,0,0,0.08,1.13,2,0,0.04,0.03,0,0,0,0,0,0,0,0,6,60,0.6,0,100,0,-5.158015195
41.72,19,36,0,0,0,0.08,1.13,2,0,0.04,0.03,0,0,0,0,0,0,0,0,6,60,4,0,100,0,-5.591760035
41.72,19,36,0,0,0,0.08,1.13,2,0,0.04,0.03,0,0,0,0,0,0,0,0,6,80,0.01,0,100,0,-5.190440285
41.72,19,36,0,0,0,0.08,1.13,2,0,0.04,0.03,0,0,0,0,0,0,0,0,6,80,0.6,0,100,0,-5.161780778
84.53,12.5,0.75,0,0,0,0.15,1,1,0,0.04,0.03,0,0,0,0,0,0,0,0,2,20,0.01,50,0,50,-4.34428545
84.53,12.5,0.75,0,0,0,0.15,1,1,0,0.04,0.03,0,0,0,0,0,0,0,0,2,20,0.1,50,0,50,-4.455559863
84.53,12.5,0.75,0,0,0,0.15,1,1,0,0.04,0.03,0,0,0,0,0,0,0,0,2,20,0.6,50,0,50,-3.317854924
84.53,12.5,0.75,0,0,0,0.15,1,1,0,0.04,0.03,0,0,0,0,0,0,0,0,2,60,0.1,50,0,50,-3.007534852
84.53,12.5,0.75,0,0,0,0.15,1,1,0,0.04,0.03,0,0,0,0,0,0,0,0,2,80,0.01,50,0,50,-4.845880474
84.53,12.5,0.75,0,0,0,0.15,1,1,0,0.04,0.03,0,0,0,0,0,0,0,0,2,80,4,50,0,50,-4.80631897
84.53,12.5,0.75,0,0,0,0.15,1,1,0,0.04,0.03,0,0,0,0,0,0,0,0,4,20,4,50,0,50,-4.137272472
84.53,12.5,0.75,0,0,0,0.15,1,1,0,0.04,0.03,0,0,0,0,0,0,0,0,4,40,0.1,50,0,50,-5.519131076
84.53,12.5,0.75,0,0,0,0.15,1,1,0,0.04,0.03,0,0,0,0,0,0,0,0,4,40,4,50,0,50,-5.093180285
84.53,12.5,0.75,0,0,0,0.15,1,1,0,0.04,0.03,0,0,0,0,0,0,0,0,4,60,0.1,50,0,50,-4.627640417
84.53,12.5,0.75,0,0,0,0.15,1,1,0,0.04,0.03,0,0,0,0,0,0,0,0,4,60,0.6,50,0,50,-4.646660905
84.53,12.5,0.75,0,0,0,0.15,1,1,0,0.04,0.03,0,0,0,0,0,0,0,0,6,20,0.01,50,0,50,-5.333482019
84.53,12.5,0.75,0,0,0,0.15,1,1,0,0.04,0.03,0,0,0,0,0,0,0,0,6,40,0.01,50,0,50,-4.710188161
84.53,12.5,0.75,0,0,0,0.15,1,1,0,0.04,0.03,0,0,0,0,0,0,0,0,6,40,4,50,0,50,-4.378823718
84.53,12.5,0.75,0,0,0,0.15,1,1,0,0.04,0.03,0,0,0,0,0,0,0,0,6,60,0.01,50,0,50,-4.960189446
84.53,12.5,0.75,0,0,0,0.15,1,1,0,0.04,0.03,0,0,0,0,0,0,0,0,6,60,0.6,50,0,50,-4.653842698
84.53,12.5,0.75,0,0,0,0.15,1,1,0,0.04,0.03,0,0,0,0,0,0,0,0,6,60,4,50,0,50,-4.860120914
84.53,12.5,0.75,0,0,0,0.15,1,1,0,0.04,0.03,0,0,0,0,0,0,0,0,6,80,0.01,50,0,50,-5.468521083
66.146,26.52,4.77,1.44,0.2,0,0.019,0.29,0.59,0,0.024,0.001,0,0,0,0,0,0,0,0,2,20,0.01,46,54,0,-5.031984286
66.146,26.52,4.77,1.44,0.2,0,0.019,0.29,0.59,0,0.024,0.001,0,0,0,0,0,0,0,0,2,20,0.1,46,54,0,-5.505149978
66.146,26.52,4.77,1.44,0.2,0,0.019,0.29,0.59,0,0.024,0.001,0,0,0,0,0,0,0,0,2,40,0.01,46,54,0,-5.066006836
66.146,26.52,4.77,1.44,0.2,0,0.019,0.29,0.59,0,0.024,0.001,0,0,0,0,0,0,0,0,2,40,4,46,54,0,-4.95546024
66.146,26.52,4.77,1.44,0.2,0,0.019,0.29,0.59,0,0.024,0.001,0,0,0,0,0,0,0,0,2,60,0.01,46,54,0,-5.097997109
66.146,26.52,4.77,1.44,0.2,0,0.019,0.29,0.59,0,0.024,0.001,0,0,0,0,0,0,0,0,2,60,0.1,46,54,0,-4.987162775
66.146,26.52,4.77,1.44,0.2,0,0.019,0.29,0.59,0,0.024,0.001,0,0,0,0,0,0,0,0,2,60,4,46,54,0,-4.946921557
66.146,26.52,4.77,1.44,0.2,0,0.019,0.29,0.59,0,0.024,0.001,0,0,0,0,0,0,0,0,2,80,0.01,46,54,0,-4.981715692
66.146,26.52,4.77,1.44,0.2,0,0.019,0.29,0.59,0,0.024,0.001,0,0,0,0,0,0,0,0,2,80,4,46,54,0,-4.955852379
66.146,26.52,4.77,1.44,0.2,0,0.019,0.29,0.59,0,0.024,0.001,0,0,0,0,0,0,0,0,4,60,0.6,46,54,0,-5.559090918
66.146,26.52,4.77,1.44,0.2,0,0.019,0.29,0.59,0,0.024,0.001,0,0,0,0,0,0,0,0,6,20,0.01,46,54,0,-5.753501419
66.146,26.52,4.77,1.44,0.2,0,0.019,0.29,0.59,0,0.024,0.001,0,0,0,0,0,0,0,0,6,20,0.1,46,54,0,-5.263125638
66.146,26.52,4.77,1.44,0.2,0,0.019,0.29,0.59,0,0.024,0.001,0,0,0,0,0,0,0,0,6,20,0.6,46,54,0,-5.874518734
66.146,26.52,4.77,1.44,0.2,0,0.019,0.29,0.59,0,0.024,0.001,0,0,0,0,0,0,0,0,6,20,4,46,54,0,-5.511449283
66.146,26.52,4.77,1.44,0.2,0,0.019,0.29,0.59,0,0.024,0.001,0,0,0,0,0,0,0,0,6,60,0.01,46,54,0,-5.434152181
66.146,26.52,4.77,1.44,0.2,0,0.019,0.29,0.59,0,0.024,0.001,0,0,0,0,0,0,0,0,6,60,0.6,46,54,0,-5.385102784
66.146,26.52,4.77,1.44,0.2,0,0.019,0.29,0.59,0,0.024,0.001,0,0,0,0,0,0,0,0,6,60,4,46,54,0,-5.356547324
66.146,26.52,4.77,1.44,0.2,0,0.019,0.29,0.59,0,0.024,0.001,0,0,0,0,0,0,0,0,6,80,0.01,46,54,0,-5.147520006
66.146,26.52,4.77,1.44,0.2,0,0.019,0.29,0.59,0,0.024,0.001,0,0,0,0,0,0,0,0,6,80,0.6,46,54,0,-5.131355562
63.749,18.37,12.65,3.15,0,0,0.021,0.44,1.59,0,0.027,0.003,0,0,0,0,0,0,0,0,2,20,0.01,8,92,0,-5.673664139
63.749,18.37,12.65,3.15,0,0,0.021,0.44,1.59,0,0.027,0.003,0,0,0,0,0,0,0,0,2,20,0.1,8,92,0,-5.236572006
63.749,18.37,12.65,3.15,0,0,0.021,0.44,1.59,0,0.027,0.003,0,0,0,0,0,0,0,0,2,40,0.01,8,92,0,-5.179142011
63.749,18.37,12.65,3.15,0,0,0.021,0.44,1.59,0,0.027,0.003,0,0,0,0,0,0,0,0,2,40,4,8,92,0,-4.982966661
63.749,18.37,12.65,3.15,0,0,0.021,0.44,1.59,0,0.027,0.003,0,0,0,0,0,0,0,0,2,60,0.01,8,92,0,-5.232102384
63.749,18.37,12.65,3.15,0,0,0.021,0.44,1.59,0,0.027,0.003,0,0,0,0,0,0,0,0,2,60,0.1,8,92,0,-5.116338565
63.749,18.37,12.65,3.15,0,0,0.021,0.44,1.59,0,0.027,0.003,0,0,0,0,0,0,0,0,2,60,4,8,92,0,-4.903089987
63.749,18.37,12.65,3.15,0,0,0.021,0.44,1.59,0,0.027,0.003,0,0,0,0,0,0,0,0,4,20,4,8,92,0,-5.032920266
63.749,18.37,12.65,3.15,0,0,0.021,0.44,1.59,0,0.027,0.003,0,0,0,0,0,0,0,0,4,60,0.6,8,92,0,-5.027334408
63.749,18.37,12.65,3.15,0,0,0.021,0.44,1.59,0,0.027,0.003,0,0,0,0,0,0,0,0,6,20,0.01,8,92,0,-5.515700161
63.749,18.37,12.65,3.15,0,0,0.021,0.44,1.59,0,0.027,0.003,0,0,0,0,0,0,0,0,6,20,0.1,8,92,0,-5.289036881
63.749,18.37,12.65,3.15,0,0,0.021,0.44,1.59,0,0.027,0.003,0,0,0,0,0,0,0,0,6,20,0.6,8,92,0,-5.26760624
63.749,18.37,12.65,3.15,0,0,0.021,0.44,1.59,0,0.027,0.003,0,0,0,0,0,0,0,0,6,40,0.01,8,92,0,-5.411168274
63.749,18.37,12.65,3.15,0,0,0.021,0.44,1.59,0,0.027,0.003,0,0,0,0,0,0,0,0,6,40,4,8,92,0,-5.361510743
63.749,18.37,12.65,3.15,0,0,0.021,0.44,1.59,0,0.027,0.003,0,0,0,0,0,0,0,0,6,60,0.01,8,92,0,-5.2069084
63.749,18.37,12.65,3.15,0,0,0.021,0.44,1.59,0,0.027,0.003,0,0,0,0,0,0,0,0,6,60,4,8,92,0,-5.801342913
